{
    "root_group": {
        "name": "",
        "path": "",
        "id": "d41d8cd98f00b204e9800998ecf8427e",
        "groups": {},
        "checks": {}
    },
    "metrics": {
        "http_req_failed": {
            "passes": 327,
            "fails": 10506,
            "value": 0.030185544170589863
        },
        "vus_max": {
            "value": 60,
            "min": 60,
            "max": 60
        },
        "iteration_duration": {
            "avg": 611.5224015450921,
            "min": 159.456458,
            "med": 609.098417,
            "max": 2991.392041,
            "p(90)": 1110.1378000000002,
            "p(95)": 1290.8604667999991
        },
        "http_req_duration{expected_response:true}": {
            "avg": 511.6026936036541,
            "min": 58.936,
            "med": 508.78049999999996,
            "max": 2890.353,
            "p(90)": 1010.894,
            "p(95)": 1193.2972499999998
        },
        "http_reqs": {
            "count": 10833,
            "rate": 45.08542445619374
        },
        "http_req_receiving": {
            "avg": 2.344932244069039,
            "min": 0.005,
            "med": 0.045,
            "max": 303.243,
            "p(90)": 0.23,
            "p(95)": 5.379199999999994
        },
        "http_req_tls_handshaking": {
            "p(95)": 0,
            "avg": 0,
            "min": 0,
            "med": 0,
            "max": 0,
            "p(90)": 0
        },
        "iterations": {
            "count": 10833,
            "rate": 45.08542445619374
        },
        "vus": {
            "value": 10,
            "min": 1,
            "max": 60
        },
        "http_req_duration": {
            "med": 508.393,
            "max": 2890.353,
            "p(90)": 1009.8808000000001,
            "p(95)": 1189.82,
            "avg": 510.757268900582,
            "min": 58.936
        },
        "http_req_connecting": {
            "max": 1.41,
            "p(90)": 0,
            "p(95)": 0,
            "avg": 0.0015810024923843817,
            "min": 0,
            "med": 0
        },
        "http_req_waiting": {
            "p(90)": 1006.7562,
            "p(95)": 1185.7053999999996,
            "avg": 508.387028985507,
            "min": 58.845,
            "med": 506.174,
            "max": 2890.068
        },
        "data_received": {
            "count": 1682023,
            "rate": 7000.343478268289
        },
        "http_req_blocked": {
            "med": 0.004,
            "max": 23.684,
            "p(90)": 0.009,
            "p(95)": 0.014,
            "avg": 0.013217298993815178,
            "min": 0
        },
        "http_req_sending": {
            "max": 7.753,
            "p(90)": 0.032,
            "p(95)": 0.049,
            "avg": 0.025307671005261136,
            "min": 0.002,
            "med": 0.012
        },
        "data_sent": {
            "count": 758310,
            "rate": 3155.979711933562
        }
    }
}