{
    "root_group": {
        "name": "",
        "path": "",
        "id": "d41d8cd98f00b204e9800998ecf8427e",
        "groups": {},
        "checks": {}
    },
    "metrics": {
        "http_req_duration{expected_response:true}": {
            "avg": 305.80459208417756,
            "min": 57.766,
            "med": 236.59699999999998,
            "max": 2428.896,
            "p(90)": 639.4598,
            "p(95)": 791.1337999999998
        },
        "http_req_receiving": {
            "avg": 1.8424449914494465,
            "min": 0.006,
            "med": 0.047,
            "max": 583.857,
            "p(90)": 0.295,
            "p(95)": 5.939599999999998
        },
        "http_req_blocked": {
            "p(95)": 0.014,
            "avg": 0.01523381872829822,
            "min": 0,
            "med": 0.004,
            "max": 87.582,
            "p(90)": 0.009
        },
        "http_req_failed": {
            "passes": 575,
            "fails": 18722,
            "value": 0.029797377830750895
        },
        "iterations": {
            "count": 19297,
            "rate": 45.87107494265611
        },
        "http_req_waiting": {
            "avg": 303.4567357620359,
            "min": 57.68,
            "med": 234.506,
            "max": 2428.727,
            "p(90)": 636.0714,
            "p(95)": 786.3165999999999
        },
        "vus_max": {
            "value": 45,
            "min": 45,
            "max": 45
        },
        "vus": {
            "value": 6,
            "min": 1,
            "max": 45
        },
        "http_req_sending": {
            "avg": 0.02555397212001722,
            "min": 0.002,
            "med": 0.015,
            "max": 3.866,
            "p(90)": 0.032,
            "p(95)": 0.053
        },
        "http_req_connecting": {
            "p(90)": 0,
            "p(95)": 0,
            "avg": 0.0011371715810747783,
            "min": 0,
            "med": 0,
            "max": 4.595
        },
        "http_req_tls_handshaking": {
            "p(90)": 0,
            "p(95)": 0,
            "avg": 0,
            "min": 0,
            "med": 0,
            "max": 0
        },
        "http_req_duration": {
            "avg": 305.32473472560355,
            "min": 57.766,
            "med": 236.329,
            "max": 2428.896,
            "p(90)": 637.8610000000001,
            "p(95)": 789.6949999999994
        },
        "data_received": {
            "count": 2996079,
            "rate": 7122.006754579374
        },
        "iteration_duration": {
            "avg": 456.1145334974852,
            "min": 208.840666,
            "med": 386.91425,
            "max": 2580.118042,
            "p(90)": 789.4536584000001,
            "p(95)": 940.3888082
        },
        "data_sent": {
            "count": 1350790,
            "rate": 3210.9752459859274
        },
        "http_reqs": {
            "count": 19297,
            "rate": 45.87107494265611
        }
    }
}