{
    "metrics": {
        "vus": {
            "value": 6,
            "min": 1,
            "max": 50
        },
        "http_reqs": {
            "count": 13589,
            "rate": 50.22414590216023
        },
        "http_req_duration{expected_response:true}": {
            "p(90)": 674.2347000000001,
            "p(95)": 820.0602999999996,
            "avg": 351.16659663228205,
            "min": 58.906,
            "med": 288.3655,
            "max": 4018.291
        },
        "http_req_sending": {
            "med": 0.011,
            "max": 5.759,
            "p(90)": 0.028,
            "p(95)": 0.043,
            "avg": 0.021132239311206488,
            "min": 0.002
        },
        "http_req_receiving": {
            "avg": 2.1492508646699147,
            "min": 0.005,
            "med": 0.038,
            "max": 429.481,
            "p(90)": 0.5066000000000009,
            "p(95)": 6.861399999999998
        },
        "http_req_duration": {
            "max": 4018.291,
            "p(90)": 674.3204,
            "p(95)": 821.2901999999999,
            "avg": 351.1852168665835,
            "min": 58.906,
            "med": 288.229
        },
        "data_sent": {
            "count": 951230,
            "rate": 3515.690213151216
        },
        "iteration_duration": {
            "avg": 471.83952913415084,
            "min": 179.432583,
            "med": 408.623625,
            "max": 4140.551334,
            "p(90)": 795.4563664000001,
            "p(95)": 941.7737664
        },
        "http_req_blocked": {
            "max": 4.952,
            "p(90)": 0.009,
            "p(95)": 0.013,
            "avg": 0.009482964162190197,
            "min": 0,
            "med": 0.003
        },
        "http_req_failed": {
            "passes": 405,
            "fails": 13184,
            "value": 0.029803517550960335
        },
        "iterations": {
            "rate": 50.22414590216023,
            "count": 13589
        },
        "vus_max": {
            "min": 50,
            "max": 50,
            "value": 50
        },
        "data_received": {
            "count": 2109907,
            "rate": 7798.092354697857
        },
        "http_req_tls_handshaking": {
            "min": 0,
            "med": 0,
            "max": 0,
            "p(90)": 0,
            "p(95)": 0,
            "avg": 0
        },
        "http_req_connecting": {
            "p(95)": 0,
            "avg": 0.0015486790786665688,
            "min": 0,
            "med": 0,
            "max": 1.03,
            "p(90)": 0
        },
        "http_req_waiting": {
            "p(95)": 819.5476,
            "avg": 349.0148337626022,
            "min": 58.887,
            "med": 286.075,
            "max": 3827.04,
            "p(90)": 672.4784000000001
        }
    },
    "root_group": {
        "name": "",
        "path": "",
        "id": "d41d8cd98f00b204e9800998ecf8427e",
        "groups": {},
        "checks": {}
    }
}