{
    "root_group": {
        "name": "",
        "path": "",
        "id": "d41d8cd98f00b204e9800998ecf8427e",
        "groups": {},
        "checks": {}
    },
    "metrics": {
        "http_req_receiving": {
            "avg": 0.8636130728030109,
            "min": 0.007,
            "med": 0.049,
            "max": 292.962,
            "p(90)": 0.147,
            "p(95)": 3.313749999999999
        },
        "iterations": {
            "count": 30246,
            "rate": 50.347803847473095
        },
        "http_req_duration{expected_response:true}": {
            "med": 127.2555,
            "max": 2758.608,
            "p(90)": 460.09700000000004,
            "p(95)": 619.4306999999999,
            "avg": 195.9688352664253,
            "min": 57.398
        },
        "http_req_blocked": {
            "p(95)": 0.013,
            "avg": 0.010258877206901286,
            "min": 0,
            "med": 0.006,
            "max": 3.532,
            "p(90)": 0.01
        },
        "iteration_duration": {
            "med": 328.0554585,
            "max": 2960.567958,
            "p(90)": 661.7135415,
            "p(95)": 819.3298327499999,
            "avg": 396.83687002969134,
            "min": 257.781333
        },
        "http_req_duration": {
            "max": 2758.608,
            "p(90)": 460.97100000000023,
            "p(95)": 618.7049999999998,
            "avg": 196.04980466838515,
            "min": 57.398,
            "med": 127.239
        },
        "http_req_connecting": {
            "avg": 0.00032682007538186873,
            "min": 0,
            "med": 0,
            "max": 0.59,
            "p(90)": 0,
            "p(95)": 0
        },
        "http_req_tls_handshaking": {
            "p(95)": 0,
            "avg": 0,
            "min": 0,
            "med": 0,
            "max": 0,
            "p(90)": 0
        },
        "http_reqs": {
            "count": 30246,
            "rate": 50.347803847473095
        },
        "data_sent": {
            "count": 2117220,
            "rate": 3524.3462693231168
        },
        "data_received": {
            "count": 4696180,
            "rate": 7817.309709463275
        },
        "vus": {
            "value": 20,
            "min": 20,
            "max": 20
        },
        "http_req_sending": {
            "min": 0.002,
            "med": 0.018,
            "max": 4.464,
            "p(90)": 0.033,
            "p(95)": 0.043,
            "avg": 0.025719996032531767
        },
        "http_req_waiting": {
            "avg": 195.16047159955082,
            "min": 57.336,
            "med": 126.299,
            "max": 2747.894,
            "p(90)": 459.0835,
            "p(95)": 617.4524999999998
        },
        "vus_max": {
            "value": 20,
            "min": 20,
            "max": 20
        },
        "http_req_failed": {
            "passes": 932,
            "fails": 29314,
            "value": 0.03081399193281756
        }
    }
}