{
    "root_group": {
        "groups": {},
        "checks": {},
        "name": "",
        "path": "",
        "id": "d41d8cd98f00b204e9800998ecf8427e"
    },
    "metrics": {
        "iterations": {
            "count": 14144,
            "rate": 2.0604234336662404
        },
        "http_reqs": {
            "count": 14144,
            "rate": 2.0604234336662404
        },
        "data_received": {
            "count": 794629,
            "rate": 115.75736797728867
        },
        "http_req_receiving": {
            "avg": 268.4778728789591,
            "min": 0,
            "med": 0,
            "max": 1011542.958,
            "p(90)": 0.09,
            "p(95)": 0.264
        },
        "http_req_duration": {
            "max": 1013740.53,
            "p(90)": 1552.3983000000003,
            "p(95)": 120774.50189999999,
            "avg": 35479.88929701631,
            "min": 0,
            "med": 0
        },
        "iteration_duration": {
            "min": 80.084833,
            "med": 82.381146,
            "max": 9551.535834,
            "p(90)": 1595.7725750000002,
            "p(95)": 2193.0218061999963,
            "avg": 549.6614193400718
        },
        "data_sent": {
            "count": 361620,
            "rate": 52.67889720605103
        },
        "http_req_duration{expected_response:true}": {
            "avg": 97803.71540633164,
            "min": 60.242,
            "med": 1078.719,
            "max": 1013740.53,
            "p(90)": 537603.6078,
            "p(95)": 905510.3239
        },
        "http_req_connecting": {
            "p(95)": 0,
            "avg": 0.002037613122171946,
            "min": 0,
            "med": 0,
            "max": 1.54,
            "p(90)": 0
        },
        "vus": {
            "value": 10,
            "min": 1,
            "max": 80
        },
        "http_req_sending": {
            "avg": 0.016032098416289484,
            "min": 0,
            "med": 0,
            "max": 7.294,
            "p(90)": 0.023,
            "p(95)": 0.033849999999999374
        },
        "http_req_failed": {
            "passes": 9185,
            "fails": 4959,
            "value": 0.6493919683257918
        },
        "http_req_waiting": {
            "min": 0,
            "med": 0,
            "max": 1013740.392,
            "p(90)": 1540.0141,
            "p(95)": 120769.65090000001,
            "avg": 35211.395392039005
        },
        "vus_max": {
            "value": 80,
            "min": 80,
            "max": 80
        },
        "http_req_tls_handshaking": {
            "avg": 0,
            "min": 0,
            "med": 0,
            "max": 0,
            "p(90)": 0,
            "p(95)": 0
        },
        "http_req_blocked": {
            "min": 0,
            "med": 0,
            "max": 23.708,
            "p(90)": 0.007,
            "p(95)": 0.009,
            "avg": 0.00986411199094985
        }
    }
}